{
    "loss": 0.6747415661811829,
    "accuracy": 0.7256778478622437
}