{
    "loss": 0.26034578680992126,
    "accuracy": 0.8971291780471802
}